{"f1_score": 0.7902220661352568, "precision": 0.7896327628327572, "recall": 0.8415152686509471}