{"f1_score": 0.7880864965989759, "precision": 0.7858517410776952, "recall": 0.8407421724004639}